filename,pepper bell bacterial spot,pepper bell healthy,potato early blight,potato healthy,potato late blight,tomato target spot
0b47ce18-7cfe-45e8-b21e-b83cb6282455___JR_B-Spot-3162_JPG.rf.98f7f8e9f1ae94d9041092d3e1261a81.jpg,1,0,0,0,0,0
1b7342d7-5d89-4ee3-8b4f-587d79187511___RS_LB-4416_JPG.rf.7ad3a060323a712eb6d4f95e629fd967.jpg,0,0,0,0,1,0
01a8cc9f-074a-4866-87c8-bb5a9e3895b4___RS_LB-2968_JPG.rf.bb9d05e617287fafc67f7bbe3c1a7be2.jpg,0,0,0,0,1,0
882798ca-67c3-45a3-86cf-4aed69388145___RS_HL-1750_JPG.rf.0933a9ce8130e1066b50cef219e09cb7.jpg,0,0,0,1,0,0
01dd93b0-0e34-447b-87ea-ccc9f2b62d03___JR_HL-8005_JPG.rf.532361d73a8086d7c7fde1dc51e6244c.jpg,0,1,0,0,0,0
0d9dbf50-53a9-42b2-8b29-0360fb7dbd98___RS_Early-B-6692_JPG.rf.887e0b55467d70a8dee31bb66c4f9f33.jpg,0,0,1,0,0,0
1cd053f6-0016-4680-a924-af15aecd7fb2___RS_LB-4414_JPG.rf.1cf5cce71c23a7b16def87707ff24f36.jpg,0,0,0,0,1,0
ad9b6cf4-e065-496d-91c7-5713ce14e19e___RS_HL-1926_JPG.rf.e40e17eda683a7a9a6c500dd3661bbe9.jpg,0,0,0,1,0,0
3c237d3f-7242-4009-a08a-b4eb7cd662fc___NREC_B-Spot-1969_JPG.rf.95a3d3c71a0228d8ebc3d7d4bf2d80e5.jpg,1,0,0,0,0,0
1d26f9c5-2f4e-4b1e-a7d6-a4e9584a3ab7___JR_B-Spot-8918_JPG.rf.d3ce8449d9c2ae262179fba684316085.jpg,1,0,0,0,0,0
142fb983-2166-4a0f-b99b-a6c21e99987e___RS_HL-5398_JPG.rf.37295f3f84a1e7f2f57a5fa329d765d5.jpg,0,0,0,1,0,0
0a0dbf1f-1131-496f-b337-169ec6693e6f___NREC_B-Spot-9241_JPG.rf.b03db4de7ccdc58e06d43d9ec62feb3e.jpg,1,0,0,0,0,0
a5050bde-febc-4931-b31d-45c9652df318___RS_HL-5373_JPG.rf.59f57820fca2e5d843534712ddc7dbef.jpg,0,0,0,1,0,0
2f9b46c7-fa77-4196-9ed1-f3f316182340___JR_B-Spot-8943_JPG.rf.cee9e7ac292dbd5d0143f78a032e6dcb.jpg,1,0,0,0,0,0
1b0cfb07-f452-49e0-85ad-45f3f519ca7a___JR_B-Spot-9094_JPG.rf.11ea2b576b64b6151db6f02cfb0544e7.jpg,1,0,0,0,0,0
2a42396f-f9a9-47cc-9dd7-7149faf1e0e2___JR_HL-8544_JPG.rf.c04f054743c897d192cd6b988552e428.jpg,0,1,0,0,0,0
0e1942a4-91d7-460a-8189-1a4e693cfc84___JR_HL-8896_JPG.rf.131221c1c5813dc994a0c2a0b723fefa.jpg,0,1,0,0,0,0
2bb75692-d488-406d-bce0-c7eab42557c5___NREC_B-Spot-1922_JPG.rf.48953bd96a19514abe0319d0a07c6005.jpg,1,0,0,0,0,0
07dfb451-4378-49d1-b699-33a5fc49ff07___RS_HL-5399_JPG.rf.4a2c599c60a63ad503676a7b5063deb5.jpg,0,0,0,1,0,0
0c2392f6-3e69-4baf-b9f3-197623f6631a___JR_B-Spot-3176_JPG.rf.3004ec3c725a51f377bfbc8719172828.jpg,1,0,0,0,0,0
0a8a68ee-f587-4dea-beec-79d02e7d3fa4___RS_Early-B-8461_JPG.rf.fa6658dfc284ef0258f7cf6b5a7e4b2a.jpg,0,0,1,0,0,0
1d35e088-7147-4bac-9cce-9330a3f5906d___NREC_B-Spot-9096_JPG.rf.68b2d7b6bd198f9586f044650afbf49c.jpg,1,0,0,0,0,0
43fd6ace-3712-494a-9aba-de5482d22561___RS_HL-1968_JPG.rf.69a1e612295c42193902723e92505087.jpg,0,0,0,1,0,0
2a5eb7c8-4c8b-43a6-9448-b3983beef06c___JR_HL-8248_JPG.rf.6b51e3461d064561b339ed089eb122bd.jpg,0,1,0,0,0,0
2b0eaba8-5c38-4eb2-8629-7b967cfd2b20___JR_HL-8062_JPG.rf.0cf3a7b67104f76f6ea20c21a167733b.jpg,0,1,0,0,0,0
1e1fde7a-c535-49fd-9670-629f7fb9cb3d___RS_LB-3949_JPG.rf.1d7d30526ba60b5f4993cd0199c851cd.jpg,0,0,0,0,1,0
1b73d0ec-bad1-4d2d-878e-6aa209aa39d2___JR_B-Spot-9086_JPG.rf.f41707bd16d91833b890293e56a99e24.jpg,1,0,0,0,0,0
7948ada9-eabc-4cb7-a579-b73e938eb716___RS_HL-4185_JPG.rf.31af89e8163077fcb772b7badf5cb9f2.jpg,0,0,0,1,0,0
0e2afa6e-568c-4694-babd-dc15057b53b3___JR_HL-8475_JPG.rf.842e97f3d96fbe9daefafd9af141f136.jpg,0,1,0,0,0,0
1a629a1c-1000-48ce-a7d8-2064aa7e24ae___JR_HL-6001_JPG.rf.a3fbb9ad8aa4c3dc9cc1f9fb491af08b.jpg,0,1,0,0,0,0
1daf2391-f049-4e01-b229-ffd7c00a1b73___JR_HL-8119_JPG.rf.796f37799b5cd5746dbf5517a2f0e0bf.jpg,0,1,0,0,0,0
2becae93-578d-44c6-8e74-056e59d15c8e___JR_B-Spot-3396_JPG.rf.cda5f707ba054e57c24fa0c2299f97c2.jpg,1,0,0,0,0,0
2d7488fa-f033-4c1c-bc1f-b70f86406127___NREC_B-Spot-1800_JPG.rf.1b31e3d67ce2ed6e686fb7e3d04e0422.jpg,1,0,0,0,0,0
0dd09705-5593-4d01-9a9b-c1d5857daf92___JR_HL-8212_JPG.rf.52f227b672286f64ed0545964938cbed.jpg,0,1,0,0,0,0
0f4823db-878f-4d55-8d0f-ef011243dfda___JR_HL-8436_JPG.rf.fc8527f196917cab27e1d95ecc719ab6.jpg,0,1,0,0,0,0
00fc2ee5-729f-4757-8aeb-65c3355874f2___RS_HL-1864_JPG.rf.8679c3803bb246ad80521c1742031004.jpg,0,0,0,1,0,0
61b05f0a-14bc-4c8f-a256-57c8b8898d8c___RS_HL-1769_JPG.rf.85acaa3e6eb4f44ff2e045658837eb5a.jpg,0,0,0,1,0,0
1fdbead6-97f6-4712-8c5e-2a1285e1e777___JR_HL-8681_JPG.rf.294c2978575413b8d86894e431674714.jpg,0,1,0,0,0,0
03da9931-e514-4cc7-b04a-8f474a133ce5___RS_HL-1830_JPG.rf.51e9dcff4988c218fee5d2198455ec7f.jpg,0,0,0,1,0,0
1e9de601-8ffb-42cd-b7ab-79b35f87acfc___JR_HL-8732_JPG.rf.1eeeaa4eb555b76f9e8d3cf80c523bd3.jpg,0,1,0,0,0,0
1daae61a-7014-4efe-b855-018999a5be9b___RS_Early-B-6852_JPG.rf.dad612097060d866f49881660a5cba29.jpg,0,0,1,0,0,0
0ac9e61f-8dda-4628-bbf9-4fd81012b7a3___Com-G_TgS_FL-8245_JPG.rf.740eba5c40524b2d0063992f05290668.jpg,0,0,0,0,0,1
0bd0f439-013b-40ed-a6d1-4e67e971d437___JR_B-Spot-3272_JPG.rf.45c451e10ae68b99dfa26e98829869e2.jpg,1,0,0,0,0,0
1f560f09-0b70-40c9-b907-4cac9ba47b8d___RS_LB-3184_JPG.rf.f753b05b4fe1b30c118e1333225c875c.jpg,0,0,0,0,1,0
3dcf00d5-a9c0-4920-8767-2355f3f85bc4___NREC_B-Spot-9218_JPG.rf.5dbc6eaca1644f7cdc2ee8179952d3e2.jpg,1,0,0,0,0,0
3da16030-36bd-4866-826f-70945a9f8b60___JR_B-Spot-8934_JPG.rf.4d7f70a9464656a1af4d1cbef73fad03.jpg,1,0,0,0,0,0
413bc2e9-eb2a-48fd-ba65-48b5121fd85c___RS_HL-4200_JPG.rf.f8a56d6090b8f45e8d201d8909ceacca.jpg,0,0,0,1,0,0
1c4e0445-375a-4c5d-b6fd-6123d22f009f___RS_Early-B-7972_JPG.rf.830e7da9dba5f1c35968757975d18b2b.jpg,0,0,1,0,0,0
00d8f10f-5038-4e0f-bb58-0b885ddc0cc5___RS_Early-B-8722_JPG.rf.35527ccbd7c42722efd4ffcd409a8579.jpg,0,0,1,0,0,0
046641c1-f837-49eb-b5f2-4109910a027c___RS_HL-1878_JPG.rf.f453883fc9372debb3b8903d29cb7968.jpg,0,0,0,1,0,0
1cffe6a1-6fb3-4506-846c-478148a2b678___RS_LB-4380_JPG.rf.d8723cc06453c30214c2ba7f43426013.jpg,0,0,0,0,1,0
61b8a692-91d8-40f5-a4a4-4d910875a638___RS_HL-1966_JPG.rf.9dcca32a2dd65f94c7fb339da2176986.jpg,0,0,0,1,0,0
0a3f2927-4410-46a3-bfda-5f4769a5aaf8___JR_HL-8275_JPG.rf.6775e45cc302fd8d0e1c818cd938e983.jpg,0,1,0,0,0,0
0f4ebc5a-d646-436a-919d-961342997cde___RS_HL-4183_JPG.rf.1f181606cb561751b9093b4f6e87a86d.jpg,0,0,0,1,0,0
1be321d5-d2cc-4945-b2f3-a36c41160838___JR_HL-7596_JPG.rf.9ac7968fd2ad0235b5806e99fd3aa4f3.jpg,0,1,0,0,0,0
7e6c8297-dfe1-4826-826e-01d696cc263b___RS_HL-1863_JPG.rf.702e87132f660b8b011aeb86d7a1b6c9.jpg,0,0,0,1,0,0
45bc0b37-ca59-4a89-8531-705af42a6fd5___RS_HL-1946_JPG.rf.9c11e499930f0d6fe953c5f4c8065426.jpg,0,0,0,1,0,0
3ecf6ae1-56d9-47c0-bedb-af7954dbc3c6___JR_B-Spot-8953_JPG.rf.a863bb08adf5724445bc984927a389ef.jpg,1,0,0,0,0,0
0ede4acd-3685-40d9-b52b-7b3cb6536fa8___RS_Early-B-7377_JPG.rf.2c3999ba6bd4c27ff636f5f57a7e44d9.jpg,0,0,1,0,0,0
533abd3a-3e1d-42d0-ae9c-5189282b78af___RS_HL-5369_JPG.rf.188dc9c228b59c154d050763167bdade.jpg,0,0,0,1,0,0
2c8e565d-14be-4cbe-8873-2aa25a86b98c___JR_B-Spot-8903_JPG.rf.ea0839b061513c029ee183e04b23495a.jpg,1,0,0,0,0,0
2a510a2e-0e15-4ee3-9a66-a7bc27710c91___JR_HL-7704_JPG.rf.9110d37eb453719aedc503423021eb83.jpg,0,1,0,0,0,0
38faf81d-c83b-42ca-b4c3-e3bbfa070589___RS_HL-1805_JPG.rf.58ea20fa63759e3e46746c8650595200.jpg,0,0,0,1,0,0
a3ec91aa-8503-4711-a912-0d1427e25686___RS_HL-5409_JPG.rf.8a9b2083b1fd10a35e1b07e94abc62c7.jpg,0,0,0,1,0,0
1b8f80ae-38a2-4d08-ae92-f80ff4459a73___RS_LB-2554_JPG.rf.c8bff8932dfd77c0535cb2b56003d68b.jpg,0,0,0,0,1,0
3af826c4-e8d8-472f-b4cf-d1a34bc2cd35___NREC_B-Spot-9051_JPG.rf.f0c244b4a50cb0287b394d19bea6fa4e.jpg,1,0,0,0,0,0
7e7b6ab4-9adb-4a3b-abfb-8716b0039879___RS_HL-1921_JPG.rf.40ebda39d84a7d0d60009d4e21578304.jpg,0,0,0,1,0,0
0c2bd887-092f-410d-ac56-9b96110665c8___Com-G_TgS_FL-8285_JPG.rf.e423a1b608ca62e53d7a5b169c09055b.jpg,0,0,0,0,0,1
1c159479-4972-41d3-a6ff-fbdb648d72c2___JR_HL-7575_JPG.rf.c43d5103c1635bbba3662877a7aa8b05.jpg,0,1,0,0,0,0
3d87a319-d032-4bac-9b6c-0160a23531b9___NREC_B-Spot-1853_JPG.rf.364c1860a339b1b1cf7bc27f69073979.jpg,1,0,0,0,0,0
799b10e8-ba67-4e08-9abe-748789572ad1___RS_HL-1881_JPG.rf.7fe99ab182955cce4beb4ef774640aaf.jpg,0,0,0,1,0,0
0a2de4c5-d688-4f9d-9107-ace1d281c307___Com-G_TgS_FL-7941_JPG.rf.15e5069afb157762ec1013fc05f123f2.jpg,0,0,0,0,0,1
0a0744dc-8486-4fbb-a44b-4d63e6db6197___RS_Early-B-7575_JPG.rf.e46e9ba958c01eac3b6c267621dd6441.jpg,0,0,1,0,0,0
0de13a24-e542-45a2-be5a-8db7d8d858db___JR_HL-5982_JPG.rf.d21466ff9c5024467e13e40ec1da96b4.jpg,0,1,0,0,0,0
2d53efe9-0845-4091-97b5-9ca7001e04c9___JR_HL-7758_JPG.rf.5c1f0ebe9c0c135bfb6276b1a34257f6.jpg,0,1,0,0,0,0
1d46d97c-17ae-41e2-9ac3-6a984804760e___JR_B-Spot-8825_JPG.rf.24162a39e6e2083d4c8161d5e1c35cae.jpg,1,0,0,0,0,0
1bf8d046-2b1c-44bf-9a00-9f16e0971d2a___JR_HL-8281_JPG.rf.a9e0bf16bb5fade8a6b8b59f8a502ab9.jpg,0,1,0,0,0,0
0f50da52-cb4a-4391-982a-d6cf9c9d9917___RS_LB-2581_JPG.rf.7d0578a9e1d43f4015ffcd787d95f2b0.jpg,0,0,0,0,1,0
2c8d77dd-0173-41d0-9e95-9e11092af9a8___JR_HL-8737_JPG.rf.f8bdf2fcdd7461aa4e33ce570e1e73b9.jpg,0,1,0,0,0,0
1106c3fc-92cb-41a6-a6c6-8f08b9b45108___RS_HL-1914_JPG.rf.ae45a5d31df075950746a67b54e5db0d.jpg,0,0,0,1,0,0
0ed45bc2-c8cc-4d65-8f53-bdc10d78a7dc___RS_Early-B-8504_JPG.rf.23c60e04f59fa0e665e56b5840a663ec.jpg,0,0,1,0,0,0
00b1f292-23dd-44d4-aad3-c1ffb6a6ad5a___RS_LB-4479_JPG.rf.c716814e968328696129ed9d9f2bd509.jpg,0,0,0,0,1,0
1e6e9501-4510-4950-abea-36882683aa5c___JR_HL-8435_JPG.rf.11138d52342eccb7a131b8a2aa35b430.jpg,0,1,0,0,0,0
1a1af0c4-9e4a-4158-b982-f81d487a3b68___NREC_B-Spot-9148_JPG.rf.6883f666ebc6dafab5f3bdb92aa73697.jpg,1,0,0,0,0,0
1ff86a73-9f36-45c5-8012-c5d90445b7ac___RS_Early-B-8563_JPG.rf.c6388dc21f30a18f53874202668f8fb7.jpg,0,0,1,0,0,0
1a1a389d-f186-4481-8a5c-b8c6f864ad7f___JR_HL-8649_JPG.rf.dc3b99be6a1f26e2857e5c7eb38b47c7.jpg,0,1,0,0,0,0
0d9b55df-a8c0-4784-b1e4-957c8d679513___NREC_B-Spot-1825_JPG.rf.107e4a3803bf7c69f8ba7af99da18c7d.jpg,1,0,0,0,0,0
2bf8e05e-8a65-4cf7-8171-3013044c1e9c___JR_HL-8209_JPG.rf.f154b4cb863f15d3604d01df021e0513.jpg,0,1,0,0,0,0
1a6fc494-81dd-4649-ad8d-a5a6e58a2aa7___RS_LB-2618_JPG.rf.02bde371becac8f5df48c7c7a541aec3.jpg,0,0,0,0,1,0
8b2ce6b6-f00a-4f25-ac6d-4249dd7dc5f6___RS_HL-1890_JPG.rf.ddfa39d614bc1bd577152271db3c1858.jpg,0,0,0,1,0,0
0bb97c36-159d-4ee2-8b06-1fbf3f533af5___JR_HL-8345_JPG.rf.418e8e7dd4fc139ab97a517a61bec243.jpg,0,1,0,0,0,0
0e043e9a-7652-4e7a-aef1-0caa0c085f55___JR_HL-8479_JPG.rf.0c28efcdf957673793d4b60580dcb5de.jpg,0,1,0,0,0,0
1a482d0c-d3a9-4e79-b412-f2288dc5067f___JR_HL-5852_JPG.rf.f118801449562443679960efa5b9b01c.jpg,0,1,0,0,0,0
1d4acd15-f2b9-4a2e-87da-9d5a2cc6a642___RS_LB-2752_JPG.rf.595b4e1b5a76fd006929d1c1ff651fce.jpg,0,0,0,0,1,0
1f830d02-1fc6-41d6-99c6-851e0d2af4ad___RS_Early-B-9182_JPG.rf.b1533e7db774869e2f17aee805bbc036.jpg,0,0,1,0,0,0
2c8dc060-822b-4027-afb0-ed2284ff471b___JR_HL-8800_JPG.rf.f9d050a486deaefed4cc6639cbd176d2.jpg,0,1,0,0,0,0
80bb8697-bfab-449b-b870-e1ed2089df58___RS_HL-1827_JPG.rf.9fb298adafee35d6fd64243e7aeb16ec.jpg,0,0,0,1,0,0
0c83302d-4233-4e98-8ecf-755a970495bb___RS_LB-4904_JPG.rf.553f9e100dd8b56359bde9f46d77a3b0.jpg,0,0,0,0,1,0
111cd9d8-4d27-4225-be9e-d29b21cf56b9___RS_HL-5419_JPG.rf.21a2ca2202d3ca35721801effbbc7590.jpg,0,0,0,1,0,0
1aa25bab-008c-4114-9832-096d81592dd9___JR_HL-7992_JPG.rf.5ff6d53636b5b952cb170986e424abbc.jpg,0,1,0,0,0,0
1d0430f7-af9b-4e3d-9d4a-47cf676556fe___JR_HL-5938_JPG.rf.6e8b9a60271656963d87f024d4bb3b0e.jpg,0,1,0,0,0,0
7bfda067-6e35-4af5-a9c4-4b3b5f357871___RS_HL-1813_JPG.rf.389ae70197fe7c23dd2c5e630efc300e.jpg,0,0,0,1,0,0
2e0b8b4b-e900-408b-b760-730690bbd382___RS_HL-1901_JPG.rf.9519c12493952ce99c24f6710918e2aa.jpg,0,0,0,1,0,0
2d5def2a-c79d-444e-88be-a5961c9107d0___JR_B-Spot-3249_JPG.rf.c221869ab3728b2487c4d99d17d21e8f.jpg,1,0,0,0,0,0
170f1f57-0fd4-421f-9c82-3b1804be63ad___RS_HL-1771_JPG.rf.5cff2dd2bda14c5541d4b71017140b52.jpg,0,0,0,1,0,0
2d117ef0-5705-4814-b191-1d184204452f___JR_HL-7744_JPG.rf.0ddc767c7403c8b4c8b862e4d2a79f7a.jpg,0,1,0,0,0,0
002f87b7-e1a5-49e5-a422-bb423630ded5___JR_HL-8068_JPG.rf.a0e1f521074b8741d6cc76929651b137.jpg,0,1,0,0,0,0
0c1eb1fd-9e3a-4396-81bc-7d1d3eccc5ed___JR_B-Spot-3369_JPG.rf.b52bdcc6f8e8322ea2749259aecee355.jpg,1,0,0,0,0,0
0d4e35c0-f6d6-4810-9522-14e1d491a05d___JR_HL-8673_JPG.rf.8fd169dfec0da16c3c3ff7f792a2599b.jpg,0,1,0,0,0,0
2d553272-2101-4d56-9819-9f08de938418___NREC_B-Spot-9087_JPG.rf.3767a239ba7325e89b05d10ebd9aa5ae.jpg,1,0,0,0,0,0
3d6a3d51-8a9f-42ff-b4bf-299778c3e0a8___JR_B-Spot-3184_JPG.rf.c374172eaf4bce748772ed20817b06e3.jpg,1,0,0,0,0,0
3a56f122-0d06-45c2-bc2b-0636d42a7545___JR_B-Spot-9088_JPG.rf.cc5650c01aec46f7089e3c5ee5cdc994.jpg,1,0,0,0,0,0
31a09d39-6791-4ecb-8f44-af2ed85dbd33___RS_HL-1970_JPG.rf.1d3a7441a50d547b05b004c01a6c5a2a.jpg,0,0,0,1,0,0
1d18a770-8a16-4765-bae9-5d96f781db89___RS_Early-B-7803_JPG.rf.33fbac352ebfd1ced5f439b7adbd80f9.jpg,0,0,1,0,0,0
2ddd4ad3-221e-4400-a188-0c5ae7a18403___JR_HL-8154_JPG.rf.bd69a7c91e5812d09ebdf6dcc480e544.jpg,0,1,0,0,0,0
1de8ed75-0778-4364-9178-52c1bd0dffb4___RS_Early-B-6729_JPG.rf.098f01ec6a7c3f497d17014e7719f5f5.jpg,0,0,1,0,0,0
1d466431-007d-4b3b-bd45-b09f1a6f7bad___RS_Early-B-8932_JPG.rf.a11ec2d75e19a6b4061004278fa4a1c1.jpg,0,0,1,0,0,0
1a18d84a-8811-4806-830f-d10e98b1800e___RS_LB-3919_JPG.rf.d6aaec90b2844c9febc71135b37b50d5.jpg,0,0,0,0,1,0
0ade14b6-8937-43ea-93eb-98343af6bae7___JR_HL-8026_JPG.rf.80234e7d347a71e59d0aab5fc86e22a7.jpg,0,1,0,0,0,0
0b27c03f-b3bc-4d96-9b76-6fbd779404b9___NREC_B-Spot-1799_JPG.rf.a197c788fa00c7447c1f61b12fcfa9eb.jpg,1,0,0,0,0,0
0eb28ea9-c9e4-4999-9de2-835682241e53___RS_LB-2708_JPG.rf.94a4cbd697f7b52c811116c5fef1bf8d.jpg,0,0,0,0,1,0
0d524d59-fb02-481b-9034-64f1de0da914___NREC_B-Spot-9060_JPG.rf.17d0352fd413d58128860781683bd053.jpg,1,0,0,0,0,0
0b126ce6-af82-477f-8f4e-1de79d84a6dd___Com-G_TgS_FL-8294_JPG.rf.f553c77f67c6a11fc2f3fc5e7af5d03b.jpg,0,0,0,0,0,1
2f26c2e1-a13d-41c9-9adf-51fb0ad99785___NREC_B-Spot-1849_JPG.rf.d8bcc6f4599742cd2667e32ccef47c6b.jpg,1,0,0,0,0,0
1a77c047-7ed8-4f02-bfaf-a19e7a67c3dd___RS_Early-B-7076_JPG.rf.e14c1dfe12f2b975746f59b4a8fbc0d4.jpg,0,0,1,0,0,0
1ed45244-4767-4607-a59e-61342e8f4750___JR_HL-8601_JPG.rf.54b8e7fc8095b41b032172be4299b9b0.jpg,0,1,0,0,0,0
849aa978-c7b9-4344-9ca8-129219a65f8e___RS_HL-1874_JPG.rf.8e545be7476e9a5ec0a8661bf0a54bfe.jpg,0,0,0,1,0,0
23f4d3b1-23f4-43fb-96c2-dae37224ec74___RS_HL-1803_JPG.rf.e848175346d9d0c1be434415c53abe5a.jpg,0,0,0,1,0,0
8c1e1281-5937-4559-a02f-02817de6e122___RS_HL-4173_JPG.rf.2b1af664e43f8241f835e401b28448e4.jpg,0,0,0,1,0,0
1ed357f9-f036-4bf2-b180-1588976eb116___RS_LB-3005_JPG.rf.68d6a6638586dc5bcfa2a4fee1dc70cf.jpg,0,0,0,0,1,0
02a7d2e5-9169-4856-9683-d4fa9894e012___JR_HL-8002_JPG.rf.f1206b68b237136857d779b980639013.jpg,0,1,0,0,0,0
36bdc44c-96a4-40bb-86f7-63a91d706e96___RS_HL-4203_JPG.rf.3576e0f4af27f8f4a58446655545e14a.jpg,0,0,0,1,0,0
0e763e60-8821-4484-9793-f8ee4f515127___Com-G_TgS_FL-8135_JPG.rf.ca6a00223ca4175445bdd55a8d9315a7.jpg,0,0,0,0,0,1
1a146bf4-5696-4e19-842e-9e0e1ac7ac6d___RS_LB-5023_JPG.rf.2548e5972f601b22132b21db4198ac05.jpg,0,0,0,0,1,0
1f80f111-6a3e-4dfc-8456-0f3e9a19ae10___RS_Early-B-6879_JPG.rf.1309565237602580e6c69fb10f87cb7f.jpg,0,0,1,0,0,0
1c043016-2d55-444d-a379-4a2aafc41a32___JR_HL-7909_JPG.rf.acbb724637baf624c6553c85b918558d.jpg,0,1,0,0,0,0
0c4e75b2-e4aa-437e-815c-636271d66bec___JR_B-Spot-3244_JPG.rf.67d1d035ba1fa4829e5d67d3d52fea75.jpg,1,0,0,0,0,0
0f223bbc-d2b4-4d58-8314-359d92d0102b___RS_Early-B-8052_JPG.rf.a087d40ef12e4f551eaf9b9a7b4edaba.jpg,0,0,1,0,0,0
1cb05d87-027d-4bf0-b5c4-4c1a57896ac6___RS_Early-B-7936_JPG.rf.2501472ef44033863875a30a32866e85.jpg,0,0,1,0,0,0
1b589f92-a658-4e58-96de-db41acc411ce___JR_B-Spot-3239_JPG.rf.3bbee21eafec0ecd784d514fb97bc387.jpg,1,0,0,0,0,0
0faca7fe-7254-4dfa-8388-bbc776338c9c___RS_Early-B-7929_JPG.rf.7c86bebb3b71bbc4cbca695fd499c04f.jpg,0,0,1,0,0,0
3b58322b-64c3-4354-8612-93a6f50a096e___JR_B-Spot-3291_JPG.rf.004c556ee8d514959b45ac026862c3c1.jpg,1,0,0,0,0,0
0bbb8bce-2020-416b-8bd6-c160c2db9921___RS_Early-B-8386_JPG.rf.c961826b0279e66fd83562dc6498097b.jpg,0,0,1,0,0,0
5d505af8-3f73-4781-980c-a4a696a04550___RS_HL-1934_JPG.rf.c0847f78567ac6703a4e325096aea868.jpg,0,0,0,1,0,0
1a674846-9d13-4a7f-ba03-8931c5dd3d2c___RS_LB-2768_JPG.rf.ebdc98f4b9f5277b23c23d70094c6d4d.jpg,0,0,0,0,1,0
1ade72cf-f7e0-4282-92d9-614bf05289a0___NREC_B-Spot-1975_JPG.rf.35f17930048af6670b7bac8c5900e237.jpg,1,0,0,0,0,0
1b4b5b1f-9390-46c5-908a-d53b93059f5d___JR_HL-8379_JPG.rf.372be640427506262bb7f35546500c20.jpg,0,1,0,0,0,0
1cb295da-e568-4168-a29c-48ab980f3772___NREC_B-Spot-9250_JPG.rf.d11fd0a94b971a47cb87157ecd310ef0.jpg,1,0,0,0,0,0
1d0e1dec-de79-4e26-b592-b174d7c95739___NREC_B-Spot-9186_JPG.rf.c91d1b784275425596caf604a4a6fdcc.jpg,1,0,0,0,0,0
1cce64aa-6f9f-4ce1-b319-dbc4a012b240___JR_B-Spot-8998_JPG.rf.093795bd07a58e669211235696daa39f.jpg,1,0,0,0,0,0
1b574484-60cd-4ae4-83ed-511a5ae07ea8___JR_HL-7849_JPG.rf.d80c72c959939e29669a7e3a49e30370.jpg,0,1,0,0,0,0
3f365db3-6af8-4113-97f1-1c8771cab676___NREC_B-Spot-1789_JPG.rf.15e2926d19c626b6040ae662174c9872.jpg,1,0,0,0,0,0
2d9f1bf4-6409-488c-8992-92b2909822bd___JR_B-Spot-3342_JPG.rf.ec6c243b578e50c887b06fe4474b88ee.jpg,1,0,0,0,0,0
0a458dfc-b513-44f2-a3ce-dab4c3adb939___Com-G_TgS_FL-8166_JPG.rf.ea7606dd944211ddf40725c22b53079a.jpg,0,0,0,0,0,1
468d3107-f09a-4f0d-8b9d-f08d7c49738f___RS_HL-1747_JPG.rf.68633b000922c21687175999ea7754da.jpg,0,0,0,1,0,0
0e8a96d7-528a-4d09-8263-2a2d92f3c3b1___Com-G_TgS_FL-8337_JPG.rf.83c0bee8a3ecd504b3d50042dd2bde76.jpg,0,0,0,0,0,1
1b71a13e-9f6d-4321-be6e-8a7410b76f0e___JR_HL-7724_JPG.rf.09e6ea3f725261e92b8540538c80ecbe.jpg,0,1,0,0,0,0
2adcf097-e515-49f1-9716-c0d06d8b52b4___NREC_B-Spot-1933_JPG.rf.9644fb9f33bcb1b48944eba389a78264.jpg,1,0,0,0,0,0
2b7b288c-141a-495f-9df0-3199a2815c9a___JR_HL-8731_JPG.rf.c729bb4ffd042a575e622161704dd4e8.jpg,0,1,0,0,0,0
1ce2eb3c-b8a7-4839-9728-a380909f9b89___JR_HL-8448_JPG.rf.0c84dba3a0fdf498ded7aec2c9c9c02e.jpg,0,1,0,0,0,0
2cdea224-6f10-4a3d-a3f1-1debd1a42640___JR_B-Spot-8926_JPG.rf.639b10722788c81220e0fe98f57438f2.jpg,1,0,0,0,0,0
0b3e5032-8ae8-49ac-8157-a1cac3df01dd___RS_HL-1817_JPG.rf.c3bd18213545f4a95a6c3adbd4ec15d4.jpg,0,0,0,1,0,0
aa04db6d-645f-4e8a-88dc-c9f9396f0800___RS_HL-1975_JPG.rf.aa5ce8d7431d43c0d6d0a119e3f8f975.jpg,0,0,0,1,0,0
a02b6205-b40a-4178-8b34-3494f84b9d1f___RS_HL-1958_JPG.rf.c3e28a87c91863aa52a9626281a2bce7.jpg,0,0,0,1,0,0
1e0326a5-b208-447f-9d60-f788ec4b6e3f___RS_LB-4526_JPG.rf.5be09dcc2159837b41f3659d81a9169c.jpg,0,0,0,0,1,0
1ce80571-2358-4616-b04a-14bbdfd2af6b___JR_HL-8340_JPG.rf.5c23eff57aa0ae57c7365bd3146dad0f.jpg,0,1,0,0,0,0
1cd0b065-e637-4307-9e0a-9c20dc44cc59___RS_LB-4784_JPG.rf.d015ad5e9e178656d0ba842cddb69572.jpg,0,0,0,0,1,0
23f1ab77-d664-49c4-92eb-41eb66c6d101___RS_HL-4169_JPG.rf.bd255f09177f8a39bb5d6e4523e36d12.jpg,0,0,0,1,0,0
9a6eb7c4-6b43-477a-89e0-69f62ef67991___RS_HL-1846_JPG.rf.0172bc696157433db2661bd61c4ac7dc.jpg,0,0,0,1,0,0
2c76bbee-0033-4186-bdc6-3f70092c4046___JR_HL-6000_JPG.rf.58e365d720dc1cc65aaed07106faf3b5.jpg,0,1,0,0,0,0
0a47f32c-1724-4c8d-bfe4-986cedd3587b___RS_Early-B-8001_JPG.rf.65519518464d3cf27c991366a1ab009c.jpg,0,0,1,0,0,0
3a1dbeee-089c-43f0-8f51-a92d3687a515___RS_HL-1754_JPG.rf.1f09ce9e4c674f38c1b8547734835bc8.jpg,0,0,0,1,0,0
0ba474dd-0cfd-4fd2-a58c-8e3d18dbe7c3___JR_HL-8395_JPG.rf.e7df9b7d1db8027a6c57acfbb2aeb93a.jpg,0,1,0,0,0,0
0ce74db6-be9b-4c43-a104-6a3f9bcd2de2___NREC_B-Spot-1827_JPG.rf.2bfeb21f686d1b166221d312c836f700.jpg,1,0,0,0,0,0
2d5f93aa-ee53-49eb-ac82-cd0d4b9359c6___JR_HL-8481_JPG.rf.40a45d82c71e6e304cd5998f7659abf2.jpg,0,1,0,0,0,0
30126310-39de-4c02-b10a-23409417a4f6___RS_HL-1826_JPG.rf.78b1a40fe85aef217df623207ecd1fdd.jpg,0,0,0,1,0,0
369479a9-3c28-4d77-8731-9ae54e719af3___RS_HL-1785_JPG.rf.6c34a56c425d1e7e785e1633aea29522.jpg,0,0,0,1,0,0
1f3b1b11-4934-4c0b-b054-8f8a977b488c___JR_B-Spot-3373_JPG.rf.b0c965f05872fa489056bebf80f784fe.jpg,1,0,0,0,0,0
3edf7c3f-73e0-439c-870d-76cfd7c3bc45___RS_HL-1859_JPG.rf.09ae070156536ffb8f3059a7f16ccf1f.jpg,0,0,0,1,0,0
1d301622-e359-49d5-b4ca-6837f254fd1b___RS_Early-B-6719_JPG.rf.5ea4e50628b39393242e5c6a206b9110.jpg,0,0,1,0,0,0
1fa9afe6-69ab-4206-a8b5-487531391a37___RS_LB-3006_JPG.rf.2eef9e521d31ed59e986be17d074f0f1.jpg,0,0,0,0,1,0
2c4a898a-9812-423b-bd8a-419a09699270___JR_B-Spot-8853_JPG.rf.01aa32d016402add19fdf7f9be3a0007.jpg,1,0,0,0,0,0
0fbb1d8d-63ff-406f-9abe-d555e4fb2de9___JR_HL-5877_JPG.rf.c8ce8a53902e5d47f7d2121e9421aed8.jpg,0,1,0,0,0,0
0d97bbcf-f322-410a-984d-935e8d2bb5d0___Com-G_TgS_FL-0748_JPG.rf.90ddcecf0c23c87ac63e5e4d19c8f3b5.jpg,0,0,0,0,0,1
0fdb66e8-b17d-42c2-bc6d-30dcfab8fcae___JR_B-Spot-9058_JPG.rf.89e99ab1f537eabcb3fb3c7d5a0d8d08.jpg,1,0,0,0,0,0
0efa6329-22f4-4bf0-a67a-17b0d5e4d2f2___NREC_B-Spot-9145_JPG.rf.e59518ea1df102a87b77ffa9553764cf.jpg,1,0,0,0,0,0
1f9870b3-899e-46fb-98c9-cfc2ce92895b___RS_HL-1816_JPG.rf.fb7557cc07e842b0e7ad140ce8f48a17.jpg,0,0,0,1,0,0
0da91f19-f1bb-4129-b122-459648794512___Com-G_TgS_FL-8276_JPG.rf.dfeb9e9ba02eef61e4081484e6afcc91.jpg,0,0,0,0,0,1
01fbd010-0cc1-4c48-98bc-49e328bf9bbc___JR_HL-8584_JPG.rf.06ec28313c14da876b149d16568339bd.jpg,0,1,0,0,0,0
0abb0bf0-8a1e-4699-80ee-c434385d9514___Com-G_TgS_FL-8115_JPG.rf.eaaa0734614d2bdb848fe78215c2b22e.jpg,0,0,0,0,0,1
0c6f6805-490e-438c-b9cd-3fd7ee29f31b___NREC_B-Spot-9123_JPG.rf.0b6e094d789898a2e953bcc8a4868c1c.jpg,1,0,0,0,0,0
9c620128-2872-4bbb-bc14-d5b785242cf6___RS_HL-1751_JPG.rf.115fa5717cf3424773e98c18dc8d0acc.jpg,0,0,0,1,0,0
9d7d1bb9-1b10-4a8f-a961-e404b9d5acf8___RS_HL-1960_JPG.rf.42c9ae62efa5e166ecda190ee4f26b75.jpg,0,0,0,1,0,0
1defd277-6394-4049-895d-470f1e27e189___RS_Early-B-8931_JPG.rf.6cf48b4793c0b44c72c3dab8594f8b3e.jpg,0,0,1,0,0,0
1a2970b6-bafd-4812-93bc-57ff969e1045___RS_Early-B-7330_JPG.rf.e63ed4a45401596342e1ecdd6777e4f4.jpg,0,0,1,0,0,0
3f436076-8f23-46e8-a730-08bffac34ea4___JR_B-Spot-3379_JPG.rf.0a9dbad61480b485b08ea7f1e6d94234.jpg,1,0,0,0,0,0
0b6c4305-0cdc-4150-914b-5d7a5acb7881___Com-G_TgS_FL-8257_JPG.rf.70d8436f21e589b0dc3b4b71314ca4e9.jpg,0,0,0,0,0,1
1ba85df7-f8db-4da9-afe5-25dd506ee87c___JR_HL-7881_JPG.rf.25294c6967308acb63699848e5f2ca68.jpg,0,1,0,0,0,0
3cc682be-f9eb-4464-a385-7265d8871b03___NREC_B-Spot-1865_JPG.rf.cd62a7b92dcc0bf21973bb0710546b13.jpg,1,0,0,0,0,0
1dcc5be2-abd6-4fb3-8e75-d75b7a123e45___JR_HL-8763_JPG.rf.be3d1c54633521dee4fc89840fcc57bf.jpg,0,1,0,0,0,0
1e1ee82b-592b-4158-a48b-347084647492___NREC_B-Spot-9046_JPG.rf.c021a02bdfea8567e6726897e91ec715.jpg,1,0,0,0,0,0
0f824e18-3821-486c-81a1-f1f64cf6e767___RS_LB-4894_JPG.rf.6f900783f97b845c506983c4add2e52e.jpg,0,0,0,0,1,0
0c5b14d9-8b1c-4c39-bb23-1835b5760caa___RS_Early-B-7937_JPG.rf.b7b36cc2291a25e2c625352d7af7f2f0.jpg,0,0,1,0,0,0
762672f4-17e6-4fd6-84f1-3bcb091b3ca5___RS_HL-5417_JPG.rf.1d480ae45b83446ed82b9f8f8174bf2c.jpg,0,0,0,1,0,0
0f56ffda-5d57-4a61-8f7f-37f22a02520a___JR_HL-8589_JPG.rf.f0a9ae5523c13cf8e9cd8622bb2fe026.jpg,0,1,0,0,0,0
a4d1d8cb-26a2-413f-a229-021e2eea87ac___RS_HL-1819_JPG.rf.786dde26d545f1fad3494b405c945ef4.jpg,0,0,0,1,0,0
0e526c7b-72ee-4547-916b-5cba013097b6___JR_HL-7735_JPG.rf.199ffffeb42d6e16ba3f2ed412c0593d.jpg,0,1,0,0,0,0
2accd1d7-e6b4-4114-9f8b-11130d583320___JR_HL-8841_JPG.rf.198e8f76b2b70c9f18e4ab44942e1350.jpg,0,1,0,0,0,0
0cff721c-1c6c-439e-a71e-7bbfca6d4fb4___Com-G_TgS_FL-0655_JPG.rf.9684ccf19fcf1b34931bb2f87f94e86e.jpg,0,0,0,0,0,1
54f86311-9d76-421b-b401-0b02f6e738a5___RS_HL-4172_JPG.rf.a56f49c4d9f28922198a8a78db188c21.jpg,0,0,0,1,0,0
0fcbdf76-fcc4-4271-986a-9466a784d404___JR_B-Spot-3374_JPG.rf.29a67791074b9070c50c6b9ace0a9ff1.jpg,1,0,0,0,0,0
01ebc916-4793-40a3-b5e4-a32687e4fa3d___NREC_B-Spot-9125_JPG.rf.9fa591d1879c9d437408d83939f30172.jpg,1,0,0,0,0,0
57e24d88-fd01-4422-b8b5-d688d2296184___RS_HL-5401_JPG.rf.5656e9ae1447ffd25692bbb96df0d668.jpg,0,0,0,1,0,0
8583c4ff-2d8b-4b6f-89a8-fcc98917ce9b___RS_HL-1961_JPG.rf.dd84c059494539a5e6d4ea8f66126bc6.jpg,0,0,0,1,0,0
0e6b9e09-2bcd-41e0-b001-b80a33a8a78b___RS_Early-B-8694_JPG.rf.66908fdc12318d48d30dd0ba6b794d9f.jpg,0,0,1,0,0,0
5cb360dd-5c17-4c57-b31d-97cd8dd8d0bd___RS_HL-1797_JPG.rf.415f62b6fc041501456e0ed086ccb71b.jpg,0,0,0,1,0,0
0ad3ba53-f01b-403b-a99d-5991eed85045___RS_Early-B-7600_JPG.rf.60153ed8e804ec3e02e3b5554b12446c.jpg,0,0,1,0,0,0
1f700218-0a6a-47ad-a7fa-ded709ab4d2a___JR_HL-5930_JPG.rf.2525990f2810a60ecfc0caa05931de3e.jpg,0,1,0,0,0,0
0adf2e61-79af-4129-aae0-f41f73b1725f___Com-G_TgS_FL-8275_JPG.rf.c4653d1c6fd2e4acb65f5f443e6fe4a0.jpg,0,0,0,0,0,1
1e69b122-3920-4c4a-bfff-a18f3d6c3f89___RS_LB-4766_JPG.rf.240b5fe0e572ca8a705c29a273e5171b.jpg,0,0,0,0,1,0
0d8421cd-eebc-4018-b591-12352dd970a7___JR_B-Spot-3234_JPG.rf.08b9fd99e8617cc5ea0dcc6297b2751d.jpg,1,0,0,0,0,0
1f12962f-8c78-44dd-a2fc-fac013a76475___JR_HL-8489_JPG.rf.c01e113675bbe03fb93bd36ceeaaf1a4.jpg,0,1,0,0,0,0
0d987d4a-26bc-4f74-8a16-12f8969dfed8___RS_Early-B-7013_JPG.rf.4d80f984ba1ce980b455fe9dfff84dad.jpg,0,0,1,0,0,0
0b092cda-db8c-489d-8c46-23ac3835310d___RS_LB-4480_JPG.rf.5935a07e6146038551e3d44dcf13e9c5.jpg,0,0,0,0,1,0
52dd2fdd-6966-450c-a42b-ee14428d4271___RS_HL-1955_JPG.rf.252796cf08f406a0a064107e48049395.jpg,0,0,0,1,0,0
3a03526d-0bf4-4898-9f0f-8a9c31afd3eb___JR_B-Spot-3380_JPG.rf.8b8f2994d0e639043ac1d8b748d6263f.jpg,1,0,0,0,0,0
1c41486f-bb0d-4808-b980-9fa4739f2ad3___JR_HL-8459_JPG.rf.26e0081dafbe5220d23b61abeee63e8d.jpg,0,1,0,0,0,0
71c06efe-089f-49b3-beed-095bd7640e32___RS_HL-1947_JPG.rf.1da20e87833ea7d490644604e6d849a7.jpg,0,0,0,1,0,0
2dee1571-ef6b-40ef-8c46-334e89aad3f1___RS_HL-1950_JPG.rf.a48b970ee93785e66e56a053a1b7a948.jpg,0,0,0,1,0,0
0fe8a42b-b943-43d6-88c4-78abdcbfe02d___NREC_B-Spot-9236_JPG.rf.2396899ffb28f882a81660facde54aa4.jpg,1,0,0,0,0,0
1a5f4258-21df-4334-a933-2ef073c932ba___RS_LB-3089_JPG.rf.9b9fd6aac19742dbf45b0ba72911c94a.jpg,0,0,0,0,1,0
923d4cc3-021a-4bcd-9f5f-1d6f69e4ad33___RS_HL-1888_JPG.rf.f7dc2f7b6d6037d5a5c9df71f9e810ec.jpg,0,0,0,1,0,0
1d4fc5d0-fee6-40bf-8e7b-e1598ea64161___RS_Early-B-8912_JPG.rf.78112ee044b2178c8d7850fb82aa4e63.jpg,0,0,1,0,0,0
4ae82355-6885-40e7-9807-dabe46ed3441___RS_HL-5410_JPG.rf.33bef4694fa31a6491d41f93594ab095.jpg,0,0,0,1,0,0
0a79700b-f834-41f5-ae51-6ceda6f67a48___RS_Early-B-8951_JPG.rf.590319bbf4b79729bbd990e2414af4fd.jpg,0,0,1,0,0,0
5a3fc4bb-a78c-4276-8934-f0b037ffb860___RS_HL-5412_JPG.rf.dba58e36483a568e485813a0d66c26f5.jpg,0,0,0,1,0,0
1dab0ba9-9982-46ec-9ef6-70a1698baf04___JR_HL-8690_JPG.rf.fa5c1f034cb6ce21fd10186665ea1304.jpg,0,1,0,0,0,0
1b4304a9-88c2-4c09-bfea-830fa162a35a___RS_Early-B-7188_JPG.rf.f161468c988d899f7a21e1108937c0e9.jpg,0,0,1,0,0,0
0ddd62cd-a999-4d58-a8f1-506e1004a595___RS_Early-B-8041_JPG.rf.9931a61371306b61730a5fa6b09c3065.jpg,0,0,1,0,0,0
1c665f14-938a-4563-8613-031a2cb04453___JR_HL-5815_JPG.rf.ce89b966ecbc90408e41d23523fe9a4a.jpg,0,1,0,0,0,0
2e28e6a0-2e0b-4284-a9f5-74e5dfac142d___JR_HL-8451_JPG.rf.88caafcceaf601a173d5cd55e48bb4de.jpg,0,1,0,0,0,0
4bbccfb6-5720-4c80-9b37-0c3ed8999c9f___RS_HL-1791_JPG.rf.5a4f3a5fb5a9568078bd2fe8b36eed8f.jpg,0,0,0,1,0,0
2d34f331-50b9-4d90-851c-4b0d2ebc4f31___JR_HL-8724_JPG.rf.21d4a1c70f8e9f52f8bc2a2cab173397.jpg,0,1,0,0,0,0
0a4c007d-41ab-4659-99cb-8a4ae4d07a55___NREC_B-Spot-1954_JPG.rf.07daae24bf8e150bbf106e0e270e0073.jpg,1,0,0,0,0,0
3d5f977b-126e-4c4b-b6c2-5d81a69cf2d0___JR_B-Spot-3220_JPG.rf.4eafe8e79cdb278c0a1b480f167b9f29.jpg,1,0,0,0,0,0
1c207156-339d-4ec9-9153-9edb3bc95b5f___RS_LB-4833_JPG.rf.a23a6f037d12f3e7fc17bd2de8a88c24.jpg,0,0,0,0,1,0
2edf5fe8-706b-4ce7-8b59-dc6bfa4b6b42___JR_B-Spot-8823_JPG.rf.b8cc0c309dd2b9fc70974e3bc7e0debb.jpg,1,0,0,0,0,0
0e068694-63b7-4edf-a93d-f2e9f28efaa6___RS_LB-3923_JPG.rf.12a38e8aa85d5532e4df67c318bae3aa.jpg,0,0,0,0,1,0
00f2e69a-1e56-412d-8a79-fdce794a17e4___JR_B-Spot-3132_JPG.rf.776060b40edc4abdd274eb2601ddb667.jpg,1,0,0,0,0,0
1d6e01ff-affd-4867-895d-fb82b6b0dce3___JR_HL-7952_JPG.rf.78bd497f55cc333501ef05d9e690f0ab.jpg,0,1,0,0,0,0
1f66bf0a-3af3-4084-ab73-c1e1b8f3dc46___JR_HL-8824_JPG.rf.f4fb74c6eda63b422af0c5814dd787f8.jpg,0,1,0,0,0,0
04481ca2-f94c-457e-b785-1ac05800b7ec___RS_HL-1930_JPG.rf.52ad3b83e9c99b4aa1883bff0bf8ca4e.jpg,0,0,0,1,0,0
46b2555a-c0a6-48c2-af13-0816e147e4de___RS_HL-1943_JPG.rf.5ea89cba4f6e584c158a03d8a5cb82ad.jpg,0,0,0,1,0,0
2b8c82d0-2e5d-483a-93eb-53192fa486c9___NREC_B-Spot-1858_JPG.rf.43a752f17b106ff565b9e40708f9b99d.jpg,1,0,0,0,0,0
0cb83b4d-281d-4b8f-a52a-8178fa8af907___Com-G_TgS_FL-7928_JPG.rf.7770f33d638346d806544a99b0bc44a7.jpg,0,0,0,0,0,1
0e69c47d-72c6-4fc6-9437-910c95b183dc___JR_HL-8113_JPG.rf.66e1451321e26da720ca02ebf68a5e7d.jpg,0,1,0,0,0,0
0f243024-b1fa-4f96-ac7e-ecaf6dc5bc37___RS_LB-4925_JPG.rf.7243f1ddbed795701ce02f58d43f72fd.jpg,0,0,0,0,1,0
1af20ff8-980d-4912-b337-804b09667de3___RS_Early-B-7392_JPG.rf.c97036b1a548e924168f5456541e906d.jpg,0,0,1,0,0,0
2a8a3b2f-d65a-416b-a251-63bb89f448c3___JR_B-Spot-3322_JPG.rf.b994c6c3bd6a8155f5459a0dd710d96b.jpg,1,0,0,0,0,0
2e400707-ea59-4355-889a-32d5e56c1e1c___NREC_B-Spot-1936_JPG.rf.0d29a5d5aa513d6a04b9d3b387700ad5.jpg,1,0,0,0,0,0
58a98860-86d8-41e7-9f8c-cc2ca5e90012___RS_HL-1758_JPG.rf.986d6b33cf04a1418631bff9cc1f750c.jpg,0,0,0,1,0,0
0f6eac3b-d674-4c4d-ab3a-88689feec07f___RS_LB-5232_JPG.rf.01a291879fffdc88fc4d21f010df5478.jpg,0,0,0,0,1,0
0a610d40-f5b8-4580-8e32-cc90b3620017___Com-G_TgS_FL-8191_JPG.rf.9b458c9e8894d243c3109ebbf389027d.jpg,0,0,0,0,0,1
a1abff90-34e5-464d-b4d3-0c09f5924900___RS_HL-5414_JPG.rf.b5258ba5c4b7de83c5aee350c89d622e.jpg,0,0,0,1,0,0
1f440bb7-e35d-4bc9-a807-81dac78c54b8___RS_LB-2727_JPG.rf.925f23290f24d8bacc066cbf8a4d1a53.jpg,0,0,0,0,1,0
0a9cfb27-280e-475a-bbb4-8eeaeff38b8c___NREC_B-Spot-9177_JPG.rf.e75438c6433ef507be4f8a1874b8ad89.jpg,1,0,0,0,0,0
1bb25702-cb7c-4ff1-9f08-41153553fd58___JR_HL-8364_JPG.rf.ddb853fb7ccbff90e1ddee2dfcd9ee38.jpg,0,1,0,0,0,0
0b0e5158-180e-487c-b4a7-1ee496473147___Com-G_TgS_FL-9932_JPG.rf.c2c723db901ea1895a5d3d218bdef7b1.jpg,0,0,0,0,0,1
1a68ab56-2000-4d7a-ad4a-88d300104b7d___RS_LB-2594_JPG.rf.49ecac84c9342caa7241152495718707.jpg,0,0,0,0,1,0
2a3e5c22-1e37-4ba0-8686-cf7482e4e8d3___RS_LB-4126_JPG.rf.b365428156141d6254196cedae73ce16.jpg,0,0,0,0,1,0
77c75478-e1f0-4aaa-9cbc-af1fed928a74___RS_HL-1748_JPG.rf.6600c3f4d8600c050da28463ff37bf8b.jpg,0,0,0,1,0,0
949cafd0-098b-497f-9590-f0fb8ccafc94___RS_HL-4168_JPG.rf.9697b45c61047c6850a5b0548e38b958.jpg,0,0,0,1,0,0
0c93ef1a-ccc8-4a62-9353-308e7da3ac3e___JR_HL-8245_JPG.rf.b31c51a71ee8245c60173bab10087438.jpg,0,1,0,0,0,0
0f9c098f-a6df-4a73-8c14-8e7d4dbb1b0b___RS_Early-B-7991_JPG.rf.868b3522e663246889bc88e7e05d8e8c.jpg,0,0,1,0,0,0
907f26b7-a14f-463f-a41e-f35d6e0f1417___RS_HL-1757_JPG.rf.80d3a8a8f9c862c97f0e1ae858239ea5.jpg,0,0,0,1,0,0
0f1fb568-1b12-45ef-ad99-c59fa9075693___RS_LB-3242_JPG.rf.1a19f39865995f8b6b3dcee0b95c9d6e.jpg,0,0,0,0,1,0
144d2475-21ab-4bdc-a67c-9672a9b711e6___RS_HL-5376_JPG.rf.ca94bcd0c582e9b4a9786f6639317364.jpg,0,0,0,1,0,0
0c99cb45-b4e0-4ade-bba5-fab3b678f0bb___JR_B-Spot-8912_JPG.rf.7859686c50c948441fe1f5983f89e9d9.jpg,1,0,0,0,0,0
2b4a81ee-5ce9-497d-93b4-5804aad10c1c___JR_HL-7782_JPG.rf.84b1082acd07a735e02d11d6109638b7.jpg,0,1,0,0,0,0
2d71f791-64fd-4f1a-97f6-812780014edd___JR_HL-7653_JPG.rf.e1597ef0c406c1b09a34cc1ffd2665b2.jpg,0,1,0,0,0,0
1c6ec55e-182e-4b7c-b416-07029edfc970___RS_LB-3950_JPG.rf.5db6b80a5475f9c20e2df292f035832f.jpg,0,0,0,0,1,0
1d9f7d60-de05-420d-b620-63d0d1670b76___JR_HL-8837_JPG.rf.0f14f3b11a732baa0257b3bf40c2e8b9.jpg,0,1,0,0,0,0
1dd236c3-5ff0-4a03-996f-e832b50dff82___JR_HL-8787_JPG.rf.8aee06c22bb738f685479738b11f55ac.jpg,0,1,0,0,0,0
02baf62e-11e2-4dde-97fb-e369b57d55d3___JR_B-Spot-8971_JPG.rf.a1e6943a32cc66e79fda8e519041d97d.jpg,1,0,0,0,0,0
1c42eae7-29c8-42fd-b05a-9b8255790f6f___RS_Early-B-7719_JPG.rf.78adc8537b9640d4c5e63ae01456eb3d.jpg,0,0,1,0,0,0
0fd22207-cb37-42a1-965f-7dfe43f9d579___RS_Early-B-6876_JPG.rf.5623bd8b3ae4ae1bf706f4e17a5c79ad.jpg,0,0,1,0,0,0
1dcfeaa9-006d-470c-b3e5-d67609d07d4e___RS_HL-1808_JPG.rf.a30b03cb45520037eaca960b967b8b22.jpg,0,0,0,1,0,0
3a00204c-5e53-4e5d-95a6-f8819031744e___RS_HL-5420_JPG.rf.db1662dc667ffeaba9ab28a4d19e7e7c.jpg,0,0,0,1,0,0
2d7a6a97-2425-4644-8821-2788ac9d0d18___JR_HL-8157_JPG.rf.5f2d1e2e3f219e1032ac1f57992af3d8.jpg,0,1,0,0,0,0
3b03d630-d2a3-4c76-9c95-0783b50895d8___NREC_B-Spot-9168_JPG.rf.4b43d75359ebe7e95c8a2cd55ef80301.jpg,1,0,0,0,0,0
1b8d3e98-43d9-441d-93ef-a359e6e9ddc2___NREC_B-Spot-9052_JPG.rf.d36f752e26a2a420cf426f0f994e2c31.jpg,1,0,0,0,0,0
2a5fb2e8-b104-438e-9b40-822c3e01d3fb___JR_HL-8247_JPG.rf.08baee2d2967e666e1ae142b4f30e643.jpg,0,1,0,0,0,0
2ccb9ee9-faac-4d32-9af5-29497fa2e028___RS_HL-1837_JPG.rf.85348d8bf35e191aab6d89dd81ce08e2.jpg,0,0,0,1,0,0
414f6249-9f78-4af5-9593-9d5a7e7d979f___RS_HL-1918_JPG.rf.da3cadf01ae2cda369133af30412a6d3.jpg,0,0,0,1,0,0
0d15f8d7-a777-4c3b-b5e4-5b1d31661e89___Com-G_TgS_FL-1094_JPG.rf.1084f55b2ab31a6891f8042430bf3cc9.jpg,0,0,0,0,0,1
1bfa8779-be94-4f16-9668-08c91f9ce3d6___JR_HL-8358_JPG.rf.293fffdce05b3a038374a019daba66ed.jpg,0,1,0,0,0,0
2a52ba17-febc-49b9-b5ab-52a500d387de___RS_LB-2621_JPG.rf.9a5288fa1a173b954883bfecf512232e.jpg,0,0,0,0,1,0
0d8346e1-4624-4979-84e6-1353ca59007a___RS_LB-4079_JPG.rf.53a65f93a1b61dfab80c36961b98832d.jpg,0,0,0,0,1,0
1b09df7a-eb13-4192-b211-900898ab21b4___JR_HL-8533_JPG.rf.40e8db2e9184e48f69cd90c632f93d03.jpg,0,1,0,0,0,0
3bb93b52-4419-4882-9a35-0533f48757df___JR_B-Spot-3311_JPG.rf.67e4af36b47f25708f1a306d3c18f98b.jpg,1,0,0,0,0,0
22322780-95b4-4b45-b626-26b22965d55e___RS_HL-1880_JPG.rf.ee58f4e072d5f392f75b40d1f102d064.jpg,0,0,0,1,0,0
56ae1281-5ee5-4f2a-8678-c2e4491878c6___RS_HL-1869_JPG.rf.ca54936533947ae77969c9cb898cbbf7.jpg,0,0,0,1,0,0
0c4c7140-1059-4e3a-a6e2-15c4bdd46743___Com-G_TgS_FL-8142_JPG.rf.a2e17773219c1d2e6ab8f5d4124b61eb.jpg,0,0,0,0,0,1
1f838b54-c372-4b51-b398-6988377b2218___JR_B-Spot-8977_JPG.rf.77655f4a0cc7391459cf8cf3c864caa4.jpg,1,0,0,0,0,0
2b19425c-51fd-498a-ad3d-d8875bd29923___JR_HL-8099_JPG.rf.b7c4aea1edd4a2f87d6faec2b27b2d3c.jpg,0,1,0,0,0,0
2b562d10-5ccf-4f20-aadc-2e1480bd303e___JR_B-Spot-3256_JPG.rf.06e7781684291aaebb012f161f067d1d.jpg,1,0,0,0,0,0